{"cameraMode":{"drawMode":0,"name":"Shaded","section":"Shading Mode"},"sceneLighting":true,"audioPlay":false,"sceneViewState":{"showFog":true,"showMaterialUpdate":false,"showSkybox":true,"showFlares":true,"showImageEffects":true,"showParticleSystems":true},"in2DMode":false,"pivot":{"x":-0.09459495544433594,"y":-1.254427433013916,"z":0.0804910659790039},"rotation":{"x":-0.05272385850548744,"y":0.918043851852417,"z":-0.13059881329536439,"w":-0.3706218898296356},"size":38.34409713745117,"orthographic":false}